Sequence	Protein	Start	"""+""/tested"	SFC (10^6 PBMC)	Response type	Potential HLA restriction(s)	CD4R -30	CD4 S-31
NHNFLVQAGNVQLRV	nsp5	3326.0	2/16	51907	CD4	DRB1*0101, *0701, *0803,*1501,DQA1*0501/DQB1*0301,*0102/*0602	Yes	No
SFIEDLLFNKVTLAD	S (non-RBD)	816.0	7/15	30487	CD4	DRB1*0101, *0103, *0404,*1102, *1303, *1401, *1501,*1602,DQA1*0101/DQB1*0501,*0102/*0502	No	Yes
SPLYAFASEAARVVR	nsp2	531.0	1/17	15860	CD4	DRB1*0701,DQA1*0201/DQB1*0202	Yes	No
SDFVRATATIPIQAS	ORF3a	26.0	1/17	14667	CD4	DRB1*0701,DQA1*0201/DQB1*0202	Yes	No
QPTESIVRFPNITNL	S (RBD)	321.0	5/16	14033	CD4/undetermined	DRB1*0803, *1501	No	Yes
FYSKWYIRVGARKSA	ORF8	41.0	1/15	12400	CD4	DRB1*0101, *0701	Yes	No
TRFQTLLALHRSYLT	S (non-RBD)	236.0	5/13	11813	CD4/undetermined	DRB1*0101, *0701, *0803,*1102, *1301, *1302, *1303,*1501,DQA1*0101/DQB1*0501,*0102/*0602, *0103/*0603	No	Yes
SNFRVQPTESIVRFP	S (RBD)	316.0	1/16	11693	CD4	DRB1*0301	No	Yes
EEIAIILASFSASTS	nsp2	471.0	1/16	11680	CD4	DRB1*0410, *0701,DQA1*0201/DQB1*0202,*0301/*0302	Yes	No
MFHLVDFQVTIAEIL	ORF6	1.0	1/16	10817	CD4	DRB1*1303	Yes	No
KPSKRSFIEDLLFNK	S (non-RBD)	811.0	4/15	10793	CD4	DRB1*0301,DQA1*0501/DQB1*0201,*0201/*0202, *0101/*0501	No	Yes
TQLNRALTGIAVEQD	S (non-RBD)	761.0	3/14	10193	CD4	DRB1*0101, *0901,DQA1*0301/DQB1*0303,*0301/*0402, *0102/*0602,*0102/*0604	No	Yes
NFSQILPDPSKPSKR	S (non-RBD)	801.0	1/15	10160	CD4		No	Yes
NNATNVVIKVCEFQF	S (non-RBD)	121.0	3/16	9760	CD4		No	Yes
AQALNTLVKQLSSNF	S (non-RBD)	956.0	2/14	7300	CD4	DRB1*1101, *1303,DQA1*0102/DQB1*0602	No	Yes
IVRFPNITNLCPFGE	S (RBD)	326	2/16	7227	CD4	Unnamed: 0	No	Yes
VLKKLKKSLNVAKSE	nsp8	3976.0	1/16	5660.0	CD4	DRB1*0803, *1202	Yes	No
LNEVAKNLNESLIDL	S (non-RBD)	1186.0	1/17	5213.0	CD4	DRB1*1302	No	Yes
CTFEYVSQPFLMDLE	S (non-RBD)	166.0	3/15	4753.0	CD4	DQA1*0102/DQB1*0604	No	Yes
ISPYNSQNAVASKIL	nsp13	5836.0	2/18	4440.0	CD4	DRB1*0101,DQA1*0102/DQB1*0602	Yes	No
NRYFRLTLGVYDYLV	nsp6	3801.0	4/16	4253.0	CD4	DRB1*0101, *0103, *0701,*0803, *1501,DQA1*0201/DQB1*0202,*0101/*0501, *0102/*0602	Yes	No
NLLLQYGSFCTQLNR	S (non-RBD)	751.0	1/14	3933.0	CD4	DRB1*0101, *1501,DQA1*0101/DQB1*0501	No	Yes
LMIERFVSLAIDAYP	nsp12	5246.0	2/17	3870.0	CD4	DRB1*0103, *0701, *0803,*1202,DQA1*0201/DQB1*0202,*0501/*0301, *0101/*0501,*0103/*0601	Yes	No
DAALALLLLDRLNQL	N	216.0	1/15	3733.0	CD4	DRB1*1101,DQA1*0101/DQB1*0501	Yes	No
SVASQSIIAYTMSLG	S (non-RBD)	686.0	2/15	3360.0	CD8		No	Yes
SLLIVNNATNVVIKV	S (non-RBD)	116.0	1/16	3327.0	CD4	DRB1*0701, *1301,DQA1*0103/DQB1*0603	No	Yes
VKHVYQLRARSVSPK	ORF7a	71.0	1/16	3307.0	CD4	DRB1*0103, *0701	Yes	No
VQIDRLITGRLQSLQ	S (non-RBD)	991.0	3/14	3007.0	CD4	DRB1*0101, *0301, *1101,*1303	No	Yes
VFNATRFASVYAWNR	S (RBD)	341.0	4/16	2540.0	CD4/undetermined	DRB1*0101, *0803, *1101,*1303, *1501,DQA1*0501/DQB1*0301,*0102/*0602	No	Yes
PLNSIIKTIQPRVEK	nsp2	276.0	2/17	2520.0	CD4	DRB1*0101, *0701	Yes	No
APHGVVFLHVTYVPA	S (non-RBD)	1056.0	1/14	2433.0	CD4	DRB1*0404, *1001,DQA1*0101/DQB1*0501	No	Yes
TFKVSIWNLDYIINL	ORF6	21.0	2/16	2427.0	CD4	DRB1*0103, *0701, *1501,DQA1*0201/DQB1*0202,*0101/*0501	Yes	No
KVTFFPDLNGDVVAI	nsp3	1956.0	1/16	2427.0	CD4	DQA1*0201/DQB1*0202,*0101/*0501	Yes	No
AQYTSALLAGTITSG	S (non-RBD)	871.0	1/12	2400.0	CD4		No	Yes
CPFGEVFNATRFASV	S (RBD)	336.0	3/16	2360.0	CD4/undetermined	DRB1*0101, *0803, *1101,*1102, *1303,DQA1*0501/DQB1*0301,*0102/*0602	No	Yes
ELDKYFKNHTSPDVD	S (non-RBD)	1151.0	2/16	2313.0	CD4		No	Yes
FTVEKGIYQTSNFRV	S (non-RBD)	306.0	1/16	2053.0	CD4		No	Yes
CEFQFCNDPFLGVYY	S (non-RBD)	131	2/16	2000	CD4	DQA1*0201/DQB1*0202,*0101/*0501	No	Yes
LAILTALRLCAYCCN	E	31.0	1/17	1880.0	CD4	DRB1*0101, *1101	Yes	No
VFAQVKQIYKTPPIK	S (non-RBD)	781.0	1/14	1673.0	CD4		No	Yes
LLALHRSYLTPGDSS	S (non-RBD)	241.0	3/13	1613.0	CD4	DRB1*0101, *0701, *1102,*1501	No	No
IGINITRFQTLLALH	S (non-RBD)	231.0	2/13	1593.0	CD4/undetermined	DRB1*0701, *1102, *1301,*1303,DQA1*0103/DQB1*0603	No	Yes
AYSNNSIAIPTNFTI	S (non-RBD)	706.0	1/15	1587.0	CD4	DQA1*0103/DQB1*0603	No	Yes
KHFYWFFSNYLKRRV	nsp4	3151.0	2/17	1573.0	CD4	DRB1*0410, *0701, *0901,DQA1*0201/DQB1*0202,*0301/*0402	Yes	No
GINASVVNIQKEIDR	S (non-RBD)	1171.0	1/17	1547.0	CD4	DQA1*0501/DQB1*0301	No	Yes
SIIAYTMSLGAENSV	S (non-RBD)	691.0	3/15	1427.0	CD4 andCD8	DRB1*0103, *0701,DQA1*0201/DQB1*0202,*0101/*0501	No	No
YIINLIIKNLSKSLT	ORF6	31.0	1/16	1343.0	CD4	DRB1*1102, *1303	Yes	No
GETFVTHSKGLYRKC	nsp2	706.0	1/17	1333.0	CD4	DRB1*0701	No	No
REEAIRHVRAWIGFD	nsp14	6001.0	2/16	1267.0	CD4	DRB1*0103, *0701	Yes	No
WTFGAGAALQIPFAM	S (non-RBD)	886.0	1/12	1253.0	CD4	DRB1*0101,DQA1*0501/DQB1*0301	No	Yes
TQLCQYLNTLTLAVP	nsp16	6846.0	1/17	1187.0	CD4	DRB1*0101, *1501,DQA1*0101/DQB1*0501,*0102/*0602	Yes	No
ALLAVFQSASKIITL	ORF3a	51.0	1/17	1160.0	CD4	DRB1*0701, *1301,DQA1*0103/DQB1*0603	Yes	No
LLLLDRLNQLESKMS	N	221.0	1/15	1120.0	CD4	DRB1*1101,DQA1*0101/DQB1*0501	Yes	No
GAISSVLNDILSRLD	S (non-RBD)	971.0	1/14	1120.0	CD4	DQA1*0101/DQB1*0501	No	Yes
PSGTWLTYTGAIKLD	N	326.0	1/15	1067.0	CD4	DRB1*0103, *0701	Yes	No
GLVASIKNFKSVLYY	nsp12	5166.0	1/16	1060.0	CD4	DRB1*0803, *1202,DQA1*0103/DQB1*0601	No	No
QTFFKLVNKFLALCA	nsp2	676.0	1/17	1053.0	CD4	DRB1*0103, *0701,DQA1*0101/DQB1*0501	Yes	No
SHNIALIWNVKDFMS	nsp3	2706.0	2/14	1040.0	CD4	DRB1*0410,DQA1*0201/DQB1*0202,*0301/*0302, *0301/*0402	No	No
QNCVLKLKVDTANPK	nsp5	3346.0	2/17	1000.0	CD4	DRB1*0410	No	No
FGEYSHVVAFNTLLF	nsp4	3071.0	1/17	893.0	CD4	DRB1*0410,*0701,DQA1*0201/DQB1*0202,*0301/*0302	No	No
SIAIPTNFTISVTTE	S (non-RBD)	711.0	2/15	880.0	CD4	DQA1*0201/DQB1*0202,*0102/*0602	No	No
LPQGFSALEPLVDLP	S (non-RBD)	216.0	1/13	873.0	CD4		No	No
LFVAAIFYLITPVHV	nsp4	2781	2/16	840	CD4	DRB1*0103, *0701,DQA1*0201/DQB1*0202,*0101/*0501	No	No.1
FNFNGLTGTGVLTES	S (non-RBD)	541.0	1/13	840.0	CD4	DRB1*0101,DQA1*0102/DQB1*0602	No	No
LEASFNYLKSPNFSK	nsp3	2211.0	1/17	840.0	CD4	DRB1*0410, *0701	No	No
LIVTALRANSAVKLQ	nsp8	4126.0	1/17	813.0	CD4	DRB1*0701, *1301,DQA1*0103/DQB1*0603	No	No
GSLIYSTAALGVLMS	nsp3	2241.0	1/17	800.0	CD4	DRB1*0101, *1101,DQA1*0501/DQB1*0301	No	No
EFYAYLRKHFSMMIL	nsp12	5136.0	2/18	787.0	CD4	DRB1*0701, *0901, *1301,DQA1*0301/DQB1*0402	Yes	No
IWNLDYIINLIIKNL	ORF6	26.0	1/16	787.0	CD4	DRB1*0101, *1501,DQA1*0101/DQB1*0501	No	No
GGNYNYLYRLFRKSN	S (RBD)	446.0	1/16	787.0	CD4	DRB1*1102, *1303	No	No
NVNRFNVAITRAKVG	nsp13	5881.0	1/18	760.0	CD4	DRB1*0803, *1501,DQA1*0501/DQB1*0301,*0102/*0602	Yes	No
KKRWQLALSKGVHFV	ORF3a	66.0	2/17	760.0	CD4	DRB1*0701, *0901,DQA1*0301/DQB1*0402	No	No
LITGRLQSLQTYVTQ	S (non-RBD)	996.0	2/14	760.0	CD4	DRB1*0101, *1501,DQA1*0102/DQB1*0602	No	No
LIIMRTFKVSIWNLD	ORF6	16.0	1/16	733.0	CD4	DRB1*0101, *1101,DQA1*0101/DQB1*0501	No	No
TDEMIAQYTSALLAG	S (non-RBD)	866.0	1/12	720.0	CD4	DRB1*0410, *0701,DQA1*0201/DQB1*0202,*0301/*0302	No	No
HWFVTQRNFYEPQII	S (non-RBD)	1101.0	1/13	707.0	CD4	DQA1*0101/DQB1*0501	No	No
YIRVGARKSAPLIEL	ORF8	46.0	2/15	673.0	CD4	DRB1*0101, *0103, *0701	No	No
QIDGYVMHANYIFWR	nsp16	7016.0	1/14	667.0	CD8		Yes	No
NMFITREEAIRHVRA	nsp14	5996.0	1/16	667.0	CD4	DRB1*0101, *1101	No	No
TIAYIICISTKHFYW	nsp4	3141.0	1/17	667.0	Undetermined	DRB1*0103, *0701	No	No
DDQIGYYRRATRRIR	N	81.0	1/15	653.0	CD4	DRB1*0103, *0701	No	No
FNCYFPLQSYGFQPT	S (RBD)	486.0	1/16	647.0	CD4	DRB1*0101,DQA1*0101/DQB1*0501	No	No
CAQKFNGLTVLPPLL	S (non-RBD)	851.0	1/12	640.0	CD4	DRB1*0101, *1501,DQA1*0101/DQB1*0501,*0102/*0602	No	Yes
STECSNLLLQYGSFC	S (non-RBD)	746.0	2/15	633.0	CD4		No	No
RFASVYAWNRKRISN	S (RBD)	346.0	1/16	627.0	Undetermined	DRB1*1102, *1303	No	No
NIDGYFKIYSKHTPI	S (non-RBD)	196.0	1/15	607.0	CD4	DRB1*1501	No	No
AENSVAYSNNSIAIP	S (non-RBD)	701.0	1/15	540.0	CD4	DRB1*0803,DQA1*0501/DQB1*0301,*0102/*0602	No	No
EIIKSQDLSVVSKVV	nsp15	6756.0	1/18	533.0	CD4	DRB1*0404	No	No
CTFLLNKEMYLKLRS	nsp4	3181	1/17	520	CD4	DRB1*0101, *1101,DQA1*0101/DQB1*0501	No	No.1
YGSFCTQLNRALTGI	S (non-RBD)	756.0	1/14	507.0	CD4	DRB1*0901,DQA1*0301/DQB1*0303,*0301/*0402	No	No
NELSRVLGLKTLATH	nsp3	2111.0	1/17	493.0	CD4	DRB1*0701	No	No
DAFKLNIKLLGVGGK	nsp6	3836.0	1/16	480.0	CD4	DRB1*0101, *1101	No	No
IPFAMQMAYRFNGIG	S (non-RBD)	896.0	1/12	480.0	CD4	DRB1*0101, *1101,DQA1*0101/DQB1*0501	No	No
FLGIITTVAAFHQEC	ORF8	6.0	1/15	480.0	CD4	DRB1*0103, *0701,DQA1*0201/DQB1*0202	No	No
GIYQTSNFRVQPTES	S (RBD)	311.0	2/16	467.0	CD4/undetermined	DRB1*0101, *1303	No	No
ENLLLYIDINGNLHP	nsp3	1251.0	1/17	453.0	CD4		No	No
LYSPIFLIVAAIVFI	ORF7a	96.0	1/16	453.0	CD4		No	No
LGDISGINASVVNIQ	S (non-RBD)	1166.0	1/17	453.0	CD4	DQA1*0501/DQB1*0301	No	No
VLLPLVSSQCVNLTT	S (non-RBD)	6.0	1/16	440.0	CD4	DRB1*0701	No	No
VLSFCAFAVDAAKAY	nsp10	4266.0	2/16	440.0	CD4	DRB1*0103, *0701,DQA1*0201/DQB1*0202,*0101/*0501	No	No
LLVLVQSTQWSLFFF	nsp6	3591.0	1/16	400.0	CD4	DRB1*0701,DQA1*0201/DQB1*0202	No	No
QSINFVRIIMRLWLC	ORF3a	116.0	1/17	400.0	CD4	DRB1*0701, *1301	No	No
KNPLLYDANYFLCWH	ORF3a	136.0	1/17	400.0	CD4	DQA1*0201/DQB1*0202	No	No
QPYVFIKRSDARTAP	nsp1	66.0	1/14	387.0	CD8		No	No
TNFTISVTTEILPVS	S (non-RBD)	716.0	2/15	387.0	CD4	DRB1*0101, *0103, *0701,DQA1*0201/DQB1*0202,*0501/*0301	No	No
FDAYVNTFSSTFNVP	nsp3	2591.0	1/17	373.0	Undetermined	DRB1*0701,DQA1*0201/DQB1*0202	No	No
LRKHFSMMILSDDAV	nsp12	5141.0	1/18	360.0	CD4	DRB1*0103, *1102, *1303	Yes	No
GCVIAWNSNNLDSKV	S (RBD)	431.0	1/16	360.0	CD4	DRB1*0701, *1301,DQA1*0201/DQB1*0202,*0103/*0603	No	No
SEETGTLIVNSVLLF	E	6.0	1/17	360.0	CD4	DQA1*0501/DQB1*0301	No	No
LGVYYHKNNKSWMES	S (non-RBD)	141.0	2/16	360.0	CD4	DRB1*1303	No	No
IAEILLIIMRTFKVS	ORF6	11.0	1/16	347.0	CD4	DRB1*0103, *0701	No	No
DNFKFVCDNIKFADD	nsp3	1926.0	1/17	333.0	Undetermined	DQA1*0101/DQB1*0501	No	No
QMAYRFNGIGVTQNV	S (non-RBD)	901.0	2/15	333.0	CD4	DRB1*0101, *0701,DQA1*0501/DQB1*0301,*0103/*0603	No	No
SLLMPILTLTRALTA	nsp12	4631.0	1/17	320.0	CD4	DRB1*0803, *1501,DQA1*0102/DQB1*0602	No	No
MKIILFLALITLATC	ORF7a	1.0	1/16	320.0	CD4		No	No
KGGKIVNNWLKQLIK	nsp4	2761.0	1/18	307.0	CD4	DRB1*1301	No	No
VVIKVCEFQFCNDPF	S (non-RBD)	126	1/16	307	CD4	DQA1*0101/DQB1*0501	No	No.1
ECDIPIGAGICASYQ	S (non-RBD)	661.0	1/15	307.0	CD4		No	No
NTLLFLMSFTVLCLT	nsp4	3081.0	1/17	307.0	CD4		No	No
ISSFKWDLTAFGLVA	nsp3	2311.0	1/17	293.0	CD4	DRB1*0701,DQA1*0201/DQB1*0202	No	No
PDILRVYANLGERVR	nsp12	4561.0	1/16	267.0	CD4	DRB1*0803, *1202,DQA1*0103/DQB1*0601	No	No
PLMYKGLPWNVVRIK	nsp14	6076.0	1/16	260.0	CD4	DRB1*0803, *1202,DQA1*0501/DQB1*0301,*0103/*0601	No	No
EAARYMRSLKVPATV	nsp3	1461.0	1/16	253.0	CD4	DRB1*0701	No	No
SLFFFLYENAFLPFA	nsp6	3601.0	1/18	240.0	CD4	DRB1*0101, *1501,DQA1*0101/DQB1*0501	No	No
SVLHSTQDLFLPFFS	S (non-RBD)	46.0	1/16	227.0	CD4	DQA1*0101/DQB1*0501	No	No
AITILDGISQYSLRL	nsp2	566.0	1/17	227.0	CD4		No	No
DTRYVLMDGSIIQFP	nsp4	2951.0	1/17	213.0	CD4	DRB1*0404, *1001,DQA1*0301/DQB1*0302,*0101/*0501	No	No
LVYFLQSINFVRIIM	ORF3a	111.0	1/17	200.0	CD4	DRB1*0701, *1301,DQA1*0103/DQB1*0603	No	No
YEQYIKWPWYIWLGF	S (non-RBD)	1206.0	1/17	200.0	CD4		No	Yes
REGVFVSNGTHWFVT	S (non-RBD)	1091.0	1/14	187.0	CD4	DRB1*0103, *0701	No	No
TTAPAICHDGKAHFP	S (non-RBD)	1076.0	1/14	187.0	CD4		No	No
KLLKSIAATRGATVV	nsp12	4966.0	1/17	187.0	CD4	DRB1*0404, *1001	Yes	No
TSHKLVLSVNPYVCN	nsp13	5361.0	1/17	160.0	CD4	DRB1*0701, *1301,DQA1*0103/DQB1*0603	Yes	No
SFTRGVYYPDKVFRS	S (non-RBD)	31.0	1/16	160.0	CD4		No	No
CTLKSFTVEKGIYQT	S (non-RBD)	301.0	1/16	147.0	CD4	DRB1*1501	No	No
LCLFLLPSLATVAYF	nsp6	3636.0	1/18	120.0	CD4	DRB1*0101, *1501,DQA1*0101/DQB1*0501,*0102/*0602	No	No
TLVYKVYYGNALDQA	nsp6	3716.0	1/17	120.0	CD4	DRB1*0101, *1501,DQA1*0101/DQB1*0501	No	No
LLFNKVTLADAGFIK	S (non-RBD)	821.0	1/15	107.0	CD4	DRB1*0101,DQA1*0501/DQB1*0301	No	No
KAHFPREGVFVSNGT	S (non-RBD)	1086.0	1/14	107.0	CD4		No	No
TLVKQLSSNFGAISS	S (non-RBD)	961.0	1/14	93.0	CD4	DRB1*0101, *1101,DQA1*0501/DQB1*0301	No	No
GKIADYNYKLPDDFT	S (RBD)	416.0	1/16	80.0	CD4		No	No
YNYKLPDDFTGCVIA	S (RBD)	421.0	1/16	53.0	CD4		No	No
